Date,Time,HHMM,Mode,Side,Entry,SL,TP1,TP2,Score,CtrlScore,DivStr,Delta,BarSpeed,FadeEdge,FadeType,RiskMult,TrendReg,VolReg,ChopReg,ATR,VwapDist,HoldBars,Outcome,ExitPx,MAE,MFE,PnL,Win
2025-12-15,13:36:01,1336,M4,LONG,25348.0,25308.0,25398.0,25473.0,3,2,4,122.0,3000.0,0,0,0.97,0,1,0,44.25,-110.07,3,T1,25398.0,5.0,73.25,1000.0,1
2025-12-16,11:13:08,1113,M1,SHORT,25252.5,25292.5,25202.5,25127.5,6,-2,0,-304.0,3000.0,0,0,0.922,0,1,0,42.4,-23.14,13,STOP,25292.5,63.25,39.75,-800.0,0
2025-12-16,13:53:47,1353,M4,SHORT,25328.75,25368.0,25288.0,25231.0,3,-2,-4,-170.0,3000.0,0,0,0.751,0,1,0,32.61,57.44,3,T1,25288.0,5.0,74.5,815.0,1
2025-12-16,14:04:22,1404,M1,SHORT,25261.25,25301.25,25218.5,25159.0,7,-2,0,-218.0,3000.0,0,0,0.741,0,1,0,34.12,-10.75,8,STOP,25301.25,40.75,36.75,-800.0,0
2025-12-17,10:29:22,1029,M4,LONG,25325.0,25285.0,25368.25,25429.0,4,2,0,297.0,3001.0,0,0,0.919,0,1,0,34.64,-37.07,2,STOP,25285.0,52.25,13.75,-800.0,0
2025-12-17,10:35:19,1035,M6,SHORT,25255.0,25281.42,25236.12,25199.5,5,-2,0,-394.0,3000.0,0,0,0.909,0,1,0,34.7,-103.97,1,T1,25236.12,7.25,29.75,377.5,1
2025-12-17,11:11:41,1111,M4,SHORT,25082.25,25122.25,25040.25,24981.75,3,-3,-2,-176.0,3000.0,0,0,0.974,0,1,0,33.54,-204.42,2,T1,25040.25,1.75,45.25,840.0,1
2025-12-17,12:36:10,1236,M4,SHORT,25054.0,25094.0,25008.75,24945.25,3,-3,-4,-166.0,3000.0,0,0,0.961,0,1,0,36.25,-160.98,3,T1,25008.75,16.75,59.5,905.0,1
2025-12-18,10:22:05,1022,M1,LONG,25230.0,25190.5,25271.25,25329.0,6,2,0,316.0,3000.0,0,0,0.906,0,1,0,32.98,33.46,2,T1,25271.25,7.25,53.75,825.0,1
2025-12-18,12:18:42,1218,M4,LONG,25211.0,25178.5,25245.0,25292.25,3,2,2,280.0,3000.0,0,0,0.974,0,1,0,27.11,-47.83,3,T1,25245.0,7.5,37.0,680.0,1
2025-12-18,12:47:50,1247,M4,SHORT,25335.0,25372.25,25296.25,25242.0,3,0,-2,-416.0,3000.0,0,0,0.974,0,1,0,31.0,76.07,11,STOP,25372.25,38.5,33.0,-745.0,0
2025-12-18,13:30:10,1330,M4,SHORT,25369.75,25401.25,25337.0,25291.0,4,-2,-4,-29.0,3000.0,0,0,0.951,0,1,0,26.21,104.24,3,STOP,25401.25,32.75,2.25,-630.0,0
2025-12-18,14:42:54,1442,M4,LONG,25260.0,25227.5,25294.0,25341.5,4,2,2,174.0,3000.0,0,0,0.873,0,1,0,27.13,-11.39,5,STOP,25227.5,51.75,21.5,-650.0,0
2025-12-18,15:50:23,1550,M4,SHORT,25315.5,25348.0,25281.75,25234.25,3,0,-2,-52.0,3000.0,0,0,0.805,0,1,0,27.07,43.79,3,T1,25281.75,13.5,38.5,675.0,1
2025-12-19,11:44:58,1144,M4,SHORT,25531.75,25561.25,25501.0,25456.75,4,-1,-5,-477.0,3000.0,0,0,0.834,0,1,0,24.55,64.92,2,T1,25501.0,7.75,34.75,615.0,1
2025-12-22,11:16:49,1116,M2,LONG,25712.25,25687.75,25737.75,25787.25,6,3,0,170.0,3000.0,0,0,0.935,0,1,0,20.32,3.72,16,STOP,25687.75,25.25,9.0,-490.0,0
2025-12-22,11:20:23,1120,M2,LONG,25717.5,25693.75,25742.5,25792.5,7,3,0,242.0,3000.0,0,0,0.932,0,1,0,19.78,8.88,3,STOP,25693.75,25.0,3.75,-475.0,0
2025-12-22,11:24:58,1124,M2,LONG,25712.5,25689.25,25737.5,25787.5,6,2,-2,-150.0,3000.0,0,0,0.929,0,1,0,19.28,3.8,13,STOP,25689.25,23.25,6.5,-465.0,0
2025-12-22,12:00:58,1200,M2,LONG,25711.5,25691.0,25736.5,25786.5,7,3,-2,178.0,3000.0,0,0,0.906,0,1,0,17.18,3.39,6,STOP,25691.0,22.25,5.75,-410.0,0
2025-12-22,12:29:19,1229,M1,SHORT,25699.75,25719.75,25674.75,25624.75,5,-2,0,-330.0,3000.0,0,0,0.893,0,1,0,16.05,-8.14,5,STOP,25719.75,23.25,12.75,-400.0,0
2025-12-22,12:29:19,1229,M2,SHORT,25699.75,25719.75,25674.75,25624.75,5,-2,0,-330.0,3000.0,0,0,0.893,0,1,0,16.05,-8.14,5,STOP,25719.75,23.25,12.75,-400.0,0
2025-12-22,13:00:20,1300,M4,SHORT,25717.25,25737.25,25692.25,25642.25,3,-1,-4,-236.0,3000.0,0,0,0.873,0,1,1,15.15,9.5,3,T1,25692.25,5.0,29.5,500.0,1
2025-12-23,12:19:44,1219,M4,SHORT,25769.0,25789.0,25744.0,25694.0,4,0,-5,-42.0,3000.0,0,0,0.903,0,1,0,15.39,67.75,14,STOP,25789.0,21.25,18.25,-400.0,0
2025-12-26,14:39:42,1439,M1,SHORT,25878.75,25898.75,25853.75,25803.75,4,0,0,-92.0,3000.0,0,0,0.938,0,1,0,15.5,-2.18,15,T1,25853.75,17.25,25.25,500.0,1
2025-12-26,15:11:12,1511,M1,SHORT,25876.5,25896.5,25851.5,25801.5,4,0,-2,-2.0,3000.0,0,0,0.925,0,1,0,15.15,-4.69,12,T1,25851.5,3.25,33.5,500.0,1
2025-12-29,11:33:29,1133,M2,LONG,25715.25,25685.25,25746.5,25790.25,6,3,0,374.0,3000.0,0,0,0.929,0,1,0,24.91,-16.94,2,STOP,25685.25,35.25,3.0,-600.0,0
2025-12-29,13:35:52,1335,M2,LONG,25721.25,25696.0,25747.5,25796.25,6,3,-2,450.0,3000.0,0,0,0.867,0,1,0,21.08,-1.03,2,STOP,25696.0,25.5,7.75,-505.0,0
2025-12-29,14:33:44,1433,M2,LONG,25721.25,25698.0,25746.25,25796.25,6,3,-2,86.0,3000.0,0,0,0.844,0,1,0,19.45,0.52,3,T1,25746.25,2.5,35.5,500.0,1
2025-12-29,15:02:00,1502,M4,SHORT,25755.25,25776.5,25730.25,25680.25,3,-1,-4,-368.0,3000.0,0,0,0.825,0,1,0,17.67,32.66,9,T1,25730.25,11.0,26.0,500.0,1
2025-12-30,13:11:57,1311,M1,LONG,25729.5,25708.25,25754.5,25804.5,6,3,0,146.0,3000.0,0,0,0.916,0,1,1,17.61,4.42,12,STOP,25708.25,24.25,14.75,-425.0,0
2025-12-30,13:47:50,1347,M1,LONG,25734.25,25713.5,25759.25,25809.25,7,3,0,154.0,3000.0,0,0,0.903,0,1,1,17.36,8.78,8,STOP,25713.5,29.0,8.75,-415.0,0
2025-12-30,14:51:49,1451,M1,SHORT,25716.5,25736.5,25691.5,25641.5,4,-1,0,-364.0,3000.0,0,0,0.88,0,1,0,16.05,-9.36,3,T1,25691.5,0.5,34.5,500.0,1
2025-12-30,15:07:16,1507,M2,SHORT,25704.0,25724.0,25679.0,25629.0,7,-2,0,-328.0,3000.0,0,0,0.873,0,1,0,15.84,-21.43,9,T1,25679.0,13.75,33.0,500.0,1
2026-01-02,15:51:01,1551,M4,LONG,25399.75,25365.5,25435.5,25485.25,3,1,2,320.0,3000.0,0,0,0.614,0,1,0,28.52,-100.96,3,STOP,25365.5,37.75,1.25,-685.0,0
2026-01-05,11:53:26,1153,M4,SHORT,25686.75,25713.25,25659.25,25611.75,3,0,-2,-298.0,3008.0,0,0,0.857,0,1,0,22.03,71.94,2,T1,25659.25,2.0,30.75,550.0,1
2026-01-05,12:49:58,1249,M1,LONG,25626.25,25601.0,25652.5,25701.25,3,0,-2,84.0,3000.0,0,0,0.812,0,1,0,21.0,7.55,3,STOP,25601.0,25.75,6.0,-505.0,0
2026-01-05,13:03:06,1303,M1,LONG,25631.75,25607.5,25657.25,25706.75,3,0,-2,55.0,3000.0,0,0,0.805,0,1,1,20.3,12.96,1,STOP,25607.5,31.25,0.5,-485.0,0
2026-01-05,14:09:06,1409,M1,SHORT,25603.75,25627.5,25578.75,25528.75,4,-1,0,-306.0,3000.0,0,0,0.763,0,1,0,19.77,-12.7,4,T1,25578.75,5.0,29.25,500.0,1
2026-01-06,11:22:45,1122,M1,LONG,25691.25,25666.0,25717.5,25766.25,6,2,0,407.0,3000.0,0,0,0.88,0,1,0,20.97,8.57,7,STOP,25666.0,28.25,16.5,-505.0,0
2026-01-06,11:33:36,1133,M1,LONG,25688.5,25663.5,25714.5,25763.5,5,2,0,72.0,3000.0,0,0,0.867,0,1,0,20.74,5.55,3,STOP,25663.5,25.5,12.5,-500.0,0
2026-01-06,11:43:16,1143,M1,SHORT,25665.0,25691.5,25637.5,25590.0,5,-2,0,-292.0,3002.0,0,0,0.857,0,1,1,22.05,-17.89,2,STOP,25691.5,32.25,6.25,-530.0,0
2026-01-07,12:28:01,1228,M4,SHORT,25978.75,25998.75,25953.75,25903.75,4,-1,-4,-108.0,3000.0,0,0,0.844,0,1,0,14.44,118.91,9,T1,25953.75,17.75,25.5,500.0,1
2026-01-07,15:33:38,1533,M4,LONG,25856.25,25835.75,25881.25,25931.25,3,3,2,256.0,3000.0,0,0,0.698,0,1,0,17.11,-25.49,1,STOP,25835.75,30.25,0.5,-410.0,0
2026-01-08,10:21:38,1021,M1,SHORT,25692.0,25724.75,25658.0,25610.5,3,0,-2,-62.0,3000.0,0,0,0.916,0,1,0,27.19,-3.7,6,T1,25658.0,21.5,35.5,680.0,1
2026-01-08,15:20:18,1520,M4,SHORT,25645.75,25674.0,25616.25,25570.75,3,-2,-2,-78.0,3000.0,0,0,0.666,0,1,0,23.62,-26.15,2,STOP,25674.0,38.0,6.5,-565.0,0
2026-01-09,10:30:41,1030,M4,SHORT,25834.75,25874.0,25794.0,25736.75,4,0,-5,-350.0,3000.0,0,0,0.906,0,1,0,32.68,100.98,3,STOP,25874.0,44.25,1.5,-785.0,0
2026-01-09,10:35:32,1035,M4,SHORT,25863.75,25900.75,25825.25,25771.25,4,-1,-4,-24.0,3000.0,0,0,0.896,0,1,0,30.85,124.76,3,T1,25825.25,6.75,50.75,770.0,1
2026-01-09,13:29:13,1329,M4,LONG,25905.0,25882.75,25930.0,25980.0,4,3,2,446.0,3000.0,0,0,0.724,0,1,0,18.6,111.56,2,T1,25930.0,0.75,41.25,500.0,1
2026-01-12,12:07:24,1207,M4,SHORT,25958.75,25980.75,25933.75,25883.75,3,0,-4,40.0,3000.0,0,0,0.844,0,1,0,18.36,113.61,9,STOP,25980.75,29.5,20.5,-440.0,0
2026-01-13,12:50:21,1250,M1,LONG,25939.0,25910.0,25969.25,26014.0,4,1,0,102.0,3000.0,0,0,0.743,0,1,0,24.27,7.13,2,STOP,25910.0,48.5,0.5,-580.0,0
2026-01-14,13:00:14,1300,M4,LONG,25449.75,25417.5,25483.5,25530.5,4,2,2,156.0,3000.0,0,0,0.682,0,1,0,26.9,-160.54,2,T1,25483.5,1.25,35.5,675.0,1
2026-01-14,15:02:46,1502,M4,SHORT,25513.25,25548.25,25476.75,25425.75,3,0,-2,18.0,3000.0,0,0,0.581,0,1,0,29.19,-75.53,2,STOP,25548.25,50.0,4.25,-700.0,0
2026-01-15,10:58:04,1058,M1,LONG,25862.5,25823.5,25903.0,25959.75,8,3,0,454.0,3000.0,0,0,0.841,0,1,0,32.43,10.67,3,T1,25903.0,4.0,50.5,810.0,1
2026-01-15,15:29:43,1529,M2,LONG,25719.5,25691.0,25749.25,25794.5,7,3,2,494.0,3000.0,0,0,0.974,0,1,0,23.76,-128.48,4,STOP,25691.0,32.75,6.75,-570.0,0
2026-01-15,15:35:18,1535,M2,LONG,25714.75,25686.25,25744.5,25789.75,8,3,2,122.0,3000.0,0,0,0.968,0,1,0,23.76,-131.56,6,STOP,25686.25,38.5,11.5,-570.0,0
2026-01-16,11:56:48,1156,M2,SHORT,25694.25,25721.25,25666.0,25619.25,6,-2,0,-388.0,3000.0,0,0,0.825,0,1,0,22.52,-56.61,1,STOP,25721.25,28.5,7.0,-540.0,0
2026-01-16,12:25:44,1225,M2,SHORT,25695.75,25722.0,25668.5,25620.75,4,-1,0,-266.0,3000.0,0,0,0.805,0,1,0,21.77,-52.62,7,T1,25668.5,18.0,39.0,545.0,1
2026-01-16,13:18:58,1318,M2,LONG,25715.5,25687.5,25744.75,25790.5,7,3,0,318.0,3000.0,0,0,0.769,0,1,0,23.35,-26.93,7,T1,25744.75,5.75,31.75,585.0,1
2026-01-16,13:24:36,1324,M2,LONG,25724.0,25696.5,25752.5,25799.0,7,3,0,-156.0,3000.0,0,0,0.766,0,1,0,22.84,-18.23,9,STOP,25696.5,34.0,24.0,-550.0,0
2026-01-16,14:53:00,1453,M2,LONG,25725.0,25699.5,25751.5,25800.0,6,3,0,100.0,3000.0,0,0,0.714,0,1,0,21.21,-13.36,6,STOP,25699.5,29.25,4.5,-510.0,0
2026-01-16,15:36:12,1536,M2,SHORT,25701.25,25725.5,25676.0,25626.25,6,-2,0,-206.0,3000.0,0,0,0.688,0,1,0,20.2,-35.68,15,T1,25676.0,21.5,30.25,505.0,1
2026-01-16,15:45:33,1545,M2,SHORT,25703.75,25728.0,25678.5,25628.75,6,-2,0,-88.0,3000.0,0,0,0.682,0,1,0,20.15,-32.8,13,T1,25678.5,12.5,32.75,505.0,1
2026-01-16,15:52:00,1552,M2,LONG,25713.75,25688.25,25740.25,25788.75,6,3,0,292.0,3000.0,0,0,0.672,0,1,0,21.17,-22.03,3,STOP,25688.25,27.25,1.75,-510.0,0
2026-01-20,10:44:04,1044,M4,SHORT,25393.25,25431.75,25353.0,25296.75,3,0,-2,-326.0,3000.0,0,0,0.815,0,1,0,32.17,116.84,2,T1,25353.0,3.75,40.75,805.0,1
2026-01-20,10:58:11,1058,M4,LONG,25325.25,25289.25,25362.75,25415.0,3,2,2,-32.0,3000.0,0,0,0.792,0,1,0,29.93,44.21,1,T1,25362.75,3.25,41.75,750.0,1
2026-01-20,14:38:27,1438,M4,LONG,25147.75,25120.25,25176.5,25222.75,4,1,2,252.0,3000.0,0,0,0.558,0,1,0,22.99,-142.11,2,T1,25176.5,0.25,32.0,575.0,1
2026-01-20,14:40:52,1440,M2,LONG,25162.5,25135.25,25191.0,25237.5,7,2,0,224.0,3000.0,0,0,0.555,0,1,0,22.72,-126.63,8,STOP,25135.25,28.75,17.25,-545.0,0
2026-01-20,14:55:06,1455,M2,LONG,25169.0,25141.75,25197.5,25244.0,6,2,0,276.0,3000.0,0,0,0.542,0,1,0,22.7,-117.27,3,STOP,25141.75,29.25,4.0,-545.0,0
2026-01-20,15:03:47,1503,M2,LONG,25158.25,25131.5,25186.0,25233.25,4,0,0,124.0,3000.0,0,0,0.536,0,1,0,22.23,-126.68,3,STOP,25131.5,28.5,6.0,-535.0,0
2026-01-20,15:17:20,1517,M4,LONG,25130.5,25104.0,25158.25,25205.5,4,0,2,2.0,3000.0,0,0,0.523,0,1,0,22.16,-151.38,1,T1,25158.25,7.25,39.25,555.0,1
2026-01-20,15:18:24,1518,M2,LONG,25160.25,25131.5,25190.0,25235.25,5,1,2,476.0,3000.0,0,0,0.519,0,1,0,23.9,-120.94,2,STOP,25131.5,44.5,7.25,-575.0,0
2026-01-21,11:28:46,1128,M4,LONG,25470.0,25440.5,25500.75,25545.0,3,2,2,112.0,3000.0,0,0,0.776,0,1,0,24.55,204.8,1,STOP,25440.5,32.75,1.75,-590.0,0
2026-01-21,12:14:32,1214,M2,SHORT,25146.25,25180.75,25110.25,25059.75,6,-2,0,-27.0,3001.0,0,0,0.675,0,1,0,28.83,-124.74,3,STOP,25180.75,48.75,3.5,-690.0,0
2026-01-21,14:31:48,1431,M4,SHORT,25447.5,25487.5,25400.25,25334.25,3,-2,-4,-143.0,3000.0,0,0,0.49,0,1,0,37.76,183.97,5,STOP,25487.5,57.25,27.0,-800.0,0
2026-01-21,15:52:02,1552,M4,LONG,25461.75,25425.0,25500.0,25553.5,4,1,2,116.0,3000.0,0,0,0.487,0,1,0,30.56,148.59,10,T1,25500.0,5.75,52.0,765.0,1
2026-01-22,12:52:50,1252,M2,LONG,25713.0,25687.0,25740.25,25788.0,6,3,-2,24.0,3000.0,0,0,0.763,0,1,0,21.73,76.1,6,STOP,25687.0,29.75,9.25,-520.0,0
2026-01-22,13:03:02,1303,M2,SHORT,25698.25,25724.75,25670.75,25623.25,6,-2,-4,-594.0,3000.0,0,0,0.756,0,1,0,22.04,60.12,10,T1,25670.75,24.0,31.25,550.0,1
2026-01-22,13:14:48,1314,M2,SHORT,25694.5,25721.0,25667.0,25619.5,5,-2,0,-150.0,3000.0,0,0,0.747,0,1,0,21.99,54.64,7,T1,25667.0,15.5,27.5,550.0,1
2026-01-22,14:28:17,1428,M2,LONG,25711.25,25687.0,25736.5,25786.25,7,3,0,188.0,3000.0,0,0,0.708,0,1,0,20.11,66.25,2,STOP,25687.0,33.0,4.0,-485.0,0
2026-01-22,15:17:06,1517,M1,LONG,25653.75,25629.5,25679.0,25728.75,5,2,0,80.0,3000.0,0,0,0.669,0,1,0,20.29,7.38,2,STOP,25629.5,26.5,7.5,-485.0,0
2026-01-23,12:53:15,1253,M2,SHORT,25703.75,25734.5,25671.75,25627.0,4,-1,0,32.0,3000.0,0,0,0.779,0,1,0,25.58,-0.3,6,STOP,25734.5,45.5,21.0,-615.0,0
2026-01-23,12:55:34,1255,M1,LONG,25711.25,25680.25,25743.5,25788.75,4,1,0,94.0,3000.0,0,0,0.776,0,1,0,25.81,7.2,5,T1,25743.5,28.5,38.0,645.0,1
2026-01-23,12:55:34,1255,M2,LONG,25711.25,25680.25,25743.5,25788.75,4,1,0,94.0,3000.0,0,0,0.776,0,1,0,25.81,7.2,5,T1,25743.5,28.5,38.0,645.0,1
2026-01-23,13:01:21,1301,M1,LONG,25706.5,25675.75,25738.5,25783.5,3,0,0,146.0,3000.0,0,0,0.769,0,1,0,25.67,2.54,3,T1,25738.5,13.0,42.75,640.0,1
2026-01-23,13:04:10,1304,M1,LONG,25715.25,25684.0,25747.75,25793.5,7,3,0,18.0,3000.0,0,0,0.766,0,1,0,26.09,11.22,2,T1,25747.75,12.0,34.0,650.0,1
2026-01-23,13:04:10,1304,M2,LONG,25715.25,25684.0,25747.75,25793.5,7,3,0,18.0,3000.0,0,0,0.766,0,1,0,26.09,11.22,2,T1,25747.75,12.0,34.0,650.0,1
2026-01-23,13:07:43,1307,M2,LONG,25723.75,25693.0,25755.75,25800.75,6,3,0,-62.0,3000.0,0,0,0.763,0,1,0,25.69,19.61,2,T1,25755.75,0.5,35.5,640.0,1
2026-01-23,15:35:09,1535,M2,SHORT,25702.5,25730.25,25673.5,25627.5,5,-1,0,-156.0,3000.0,0,0,0.666,0,1,0,23.21,-8.51,2,STOP,25730.25,33.5,6.5,-555.0,0
2026-01-27,10:48:36,1048,M4,SHORT,26089.25,26111.0,26064.25,26014.25,3,-1,-4,-260.0,3000.0,0,0,0.925,0,1,0,18.11,74.68,2,T1,26064.25,3.75,26.25,500.0,1
2026-01-27,12:21:41,1221,M4,LONG,26066.0,26046.0,26091.0,26141.0,3,3,2,190.0,3000.0,0,0,0.854,0,1,0,15.05,33.95,5,T1,26091.0,5.0,26.0,500.0,1
2026-01-27,14:36:44,1436,M4,SHORT,26089.75,26109.75,26064.75,26014.75,4,-1,-4,-180.0,3000.0,0,0,0.782,0,1,0,13.86,48.66,4,TIME,26094.25,9.0,12.0,-90.0,0
