Date,Time,Event,Side,Mode,Entry,SL,TP1,TP2,Qty,Score,CtrlScore,DivStr,Delta,BarSpeed,ExitPx,ExitReason,HoldBars,MAE,MFE,DayPnL,TotalPnL,FadeEdge,FadeType,RiskMult,TrendReg,VolReg,ChopReg,Version
2025-12-17,10:35:11,SETUP,SHORT,M6,25253.0,25281.23,25235.5,25198.75,1,5,-1,0,-382.0,3000.0,0,,0,0,0,0.0,0.0,0,0,0.9,0,1,0,v12.25-py
2025-12-17,10:35:11,EXIT,SHORT,M6,25253.0,25281.23,25235.5,25198.75,1,5,-1,0,-382.0,3000.0,25093.25,TRAIL,16,8.75,184.5,3190.0,3190.0,0,0,0.9,0,1,0,v12.25-py
2025-12-18,10:22:02,SETUP,LONG,M1,25232.75,25194.75,25272.5,25328.0,1,7,3,0,284.0,3000.0,0,,0,0,0,0.0,3190.0,0,0,0.9,0,1,0,v12.25-py
2025-12-18,10:22:02,EXIT,LONG,M1,25232.75,25194.75,25272.5,25328.0,1,7,3,0,284.0,3000.0,25355.5,TRAIL,23,10.25,174.5,2450.0,5640.0,0,0,0.9,0,1,0,v12.25-py
2025-12-29,10:49:28,SETUP,SHORT,M1,25724.0,25754.75,25692.0,25647.0,1,5,-1,0,-601.0,3005.0,0,,0,0,0,0.0,5640.0,0,0,0.9,0,1,0,v12.25-py
2025-12-29,10:49:28,EXIT,SHORT,M1,25724.0,25754.75,25692.0,25647.0,1,5,-1,0,-601.0,3005.0,25716.25,TRAIL,4,0.75,49.75,150.0,5790.0,0,0,0.9,0,1,0,v12.25-py
2025-12-30,10:51:54,SETUP,LONG,M1,25728.25,25701.5,25756.0,25803.25,1,7,3,0,223.0,3003.0,0,,0,0,0,0.0,5790.0,0,0,0.9,0,1,0,v12.25-py
2025-12-30,10:51:54,EXIT,LONG,M1,25728.25,25701.5,25756.0,25803.25,1,7,3,0,223.0,3003.0,25734.5,TRAIL,13,4.25,65.5,120.0,5910.0,0,0,0.9,0,1,0,v12.25-py
2025-12-31,14:22:52,SETUP,SHORT,M1,25593.5,25617.75,25568.25,25518.5,1,5,-1,0,-134.0,3000.0,0,,0,0,0,0.0,5910.0,0,0,0.9,0,1,0,v12.25-py
2025-12-31,14:22:52,EXIT,SHORT,M1,25593.5,25617.75,25568.25,25518.5,1,5,-1,0,-134.0,3000.0,25504.75,TRAIL,18,8.75,123.25,1770.0,7680.0,0,0,0.9,0,1,0,v12.25-py
2026-01-13,09:50:39,SETUP,LONG,M1,25984.5,25949.0,26021.5,26073.25,1,6,3,2,142.0,3000.0,0,,0,0,0,0.0,7680.0,0,0,0.9,0,1,0,v12.25-py
2026-01-13,09:50:39,EXIT,LONG,M1,25984.5,25949.0,26021.5,26073.25,1,6,3,2,142.0,3000.0,25949.0,STOP,5,44.25,7.5,-715.0,6965.0,0,0,0.9,0,1,0,v12.25-py
2026-01-28,09:47:41,SETUP,SHORT,M1,26244.0,26277.25,26209.25,26160.5,1,5,-1,0,-292.0,3000.0,0,,0,0,0,0.0,6965.0,0,0,0.9,0,1,0,v12.25-py
2026-01-28,09:47:41,EXIT,SHORT,M1,26244.0,26277.25,26209.25,26160.5,1,5,-1,0,-292.0,3000.0,26277.25,STOP,4,46.5,13.5,-670.0,6295.0,0,0,0.9,0,1,0,v12.25-py
2026-01-30,10:35:42,SETUP,LONG,M1,25876.0,25836.0,25926.0,26000.25,1,7,3,0,508.0,3000.0,0,,0,0,0,0.0,6295.0,0,0,0.9,0,1,0,v12.25-py
2026-01-30,10:35:42,EXIT,LONG,M1,25876.0,25836.0,25926.0,26000.25,1,7,3,0,508.0,3000.0,25887.0,TRAIL,9,43.25,58.0,215.0,6510.0,0,0,0.9,0,1,0,v12.25-py
2026-02-10,11:14:17,SETUP,LONG,M1,25377.75,25337.75,25421.75,25483.25,1,6,3,0,202.0,3000.0,0,,0,0,0,0.0,6510.0,0,0,0.9,0,1,0,v12.25-py
2026-02-10,11:14:17,EXIT,LONG,M1,25377.75,25337.75,25421.75,25483.25,1,6,3,0,202.0,3000.0,25337.75,STOP,4,46.5,17.0,-805.0,5705.0,0,0,0.9,0,1,0,v12.25-py
2026-02-18,09:48:28,SETUP,SHORT,M1,24807.5,24847.5,24757.5,24682.5,1,5,-1,0,-459.0,3000.0,0,,0,0,0,0.0,5705.0,0,0,0.9,0,1,0,v12.25-py
2026-02-18,09:48:28,EXIT,SHORT,M1,24807.5,24847.5,24757.5,24682.5,1,5,-1,0,-459.0,3000.0,24847.5,STOP,4,61.75,12.5,-805.0,4900.0,0,0,0.9,0,1,0,v12.25-py
2026-02-19,11:09:50,SETUP,LONG,M1,24897.0,24857.0,24944.5,25010.75,1,6,3,0,326.0,3000.0,0,,0,0,0,0.0,4900.0,0,0,1.1,0,1,0,v12.25-py
2026-02-19,11:09:50,EXIT,LONG,M1,24897.0,24857.0,24944.5,25010.75,1,6,3,0,326.0,3000.0,24908.0,TRAIL,7,24.5,62.5,215.0,5115.0,0,0,1.1,0,1,0,v12.25-py
2026-02-24,10:07:20,SETUP,LONG,M1,24866.25,24826.25,24911.0,24973.25,1,7,3,0,96.0,3000.0,0,,0,0,0,0.0,5115.0,0,0,1.25,0,1,0,v12.25-py
2026-02-24,10:07:20,EXIT,LONG,M1,24866.25,24826.25,24911.0,24973.25,1,7,3,0,96.0,3000.0,24877.5,TRAIL,4,27.75,57.5,220.0,5335.0,0,0,1.25,0,1,0,v12.25-py
2026-02-27,15:38:53,SETUP,SHORT,M1,24921.75,24954.25,24888.0,24840.5,1,5,-1,0,-214.0,3000.0,0,,0,0,0,0.0,5335.0,0,0,1.25,0,1,0,v12.25-py
2026-02-27,15:38:53,EXIT,SHORT,M1,24921.75,24954.25,24888.0,24840.5,1,5,-1,0,-214.0,3000.0,24954.25,STOP,4,48.5,0.0,-655.0,4680.0,0,0,1.25,0,1,0,v12.25-py
2026-03-02,15:53:57,SETUP,SHORT,M4,25020.25,25060.0,24978.75,24920.75,1,5,0,-3,-320.0,3000.0,0,,0,0,0,0.0,4680.0,0,0,1.1,0,1,0,v12.25-py
2026-03-02,15:53:57,EXIT,SHORT,M4,25020.25,25060.0,24978.75,24920.75,1,5,0,-3,-320.0,3000.0,25041.75,FLATTEN,1,0.0,0.0,-435.0,4245.0,0,0,1.1,0,1,0,v12.25-py
2026-03-04,15:13:30,SETUP,SHORT,M6,25149.0,25167.53,25133.75,25105.75,1,5,-1,0,-438.0,3000.0,0,,0,0,0,0.0,4245.0,0,0,1.0,0,1,0,v12.25-py
2026-03-04,15:13:30,EXIT,SHORT,M6,25149.0,25167.53,25133.75,25105.75,1,5,-1,0,-438.0,3000.0,25142.0,TRAIL,4,6.25,25.0,135.0,4380.0,0,0,1.0,0,1,0,v12.25-py
2026-03-06,11:37:32,SETUP,LONG,M1,24853.5,24813.5,24903.5,24978.5,1,6,3,0,348.0,3000.0,0,,0,0,0,0.0,4380.0,0,0,1.1,0,1,0,v12.25-py
2026-03-06,11:37:32,EXIT,LONG,M1,24853.5,24813.5,24903.5,24978.5,1,6,3,0,348.0,3000.0,24865.75,TRAIL,4,14.25,57.0,240.0,4620.0,0,0,1.1,0,1,0,v12.25-py
2026-03-13,11:36:38,SETUP,SHORT,M2,24449.0,24489.0,24404.25,24341.5,1,8,-3,0,-560.0,3000.0,0,,0,0,0,0.0,4620.0,0,0,1.1,0,1,0,v12.25-py
2026-03-13,11:36:38,EXIT,SHORT,M2,24449.0,24489.0,24404.25,24341.5,1,8,-3,0,-560.0,3000.0,24438.5,TRAIL,5,33.0,53.5,205.0,4825.0,0,0,1.1,0,1,0,v12.25-py
2026-03-16,10:10:19,SETUP,LONG,M2,24750.5,24710.5,24800.5,24875.5,1,8,3,-2,406.0,3000.0,0,,0,0,0,0.0,4825.0,0,0,1.1,0,1,0,v12.25-py
2026-03-16,10:10:19,EXIT,LONG,M2,24750.5,24710.5,24800.5,24875.5,1,8,3,-2,406.0,3000.0,24710.5,STOP,4,62.25,14.0,-805.0,4020.0,0,0,1.1,0,1,0,v12.25-py
